topic,h,p,v,ja,jt,hv
👨‍👩‍👧 Gia đình & con người,家人,jiārén,"người nhà, gia đình","家人(かじん)・ít dùng, tiếng Nhật dùng 家族",diff,gia nhân
👨‍👩‍👧 Gia đình & con người,父母,fùmǔ,cha mẹ,父母(ふぼ)・cùng nghĩa cha mẹ,same,phụ mẫu
👨‍👩‍👧 Gia đình & con người,父亲,fùqin,cha (trang trọng),父親(ふしん)・cùng nghĩa,same,phụ thân
👨‍👩‍👧 Gia đình & con người,母亲,mǔqin,mẹ (trang trọng),母親(ははおや)・cùng nghĩa,same,mẫu thân
👨‍👩‍👧 Gia đình & con người,儿子,érzi,con trai,,,nhi tử
👨‍👩‍👧 Gia đình & con người,女儿,nǚ'ér,con gái,,,nữ nhi
👨‍👩‍👧 Gia đình & con người,丈夫,zhàngfu,chồng,丈夫(じょうぶ)= khỏe mạnh/bền vững ⚠️ FALSE FRIEND,false,trượng phu
👨‍👩‍👧 Gia đình & con người,妻子,qīzi,vợ,妻子(さいし)= vợ và con (tiếng Nhật cổ)・nghĩa gần nhưng không đồng nhất,diff,thê tử
👨‍👩‍👧 Gia đình & con người,哥哥,gēge,anh trai,,,ca ca
👨‍👩‍👧 Gia đình & con người,姐姐,jiějie,chị gái,,,tỷ tỷ
👨‍👩‍👧 Gia đình & con người,弟弟,dìdi,em trai,,,đệ đệ
👨‍👩‍👧 Gia đình & con người,妹妹,mèimei,em gái,,,muội muội
👨‍👩‍👧 Gia đình & con người,爷爷,yéye,ông nội,,,da da
👨‍👩‍👧 Gia đình & con người,奶奶,nǎinai,bà nội,,,nãi nãi
👨‍👩‍👧 Gia đình & con người,外公,wàigōng,ông ngoại,,,ngoại công
👨‍👩‍👧 Gia đình & con người,外婆,wàipó,bà ngoại,,,ngoại bà
👨‍👩‍👧 Gia đình & con người,叔叔,shūshu,chú (em trai cha),,,thúc thúc
👨‍👩‍👧 Gia đình & con người,阿姨,āyí,dì/cô (em gái mẹ),,,a di
👨‍👩‍👧 Gia đình & con người,邻居,línjū,hàng xóm,"隣居・không dùng trong tiếng Nhật hiện đại, dùng 近所(きんじょ)",diff,lân cư
👨‍👩‍👧 Gia đình & con người,朋友,péngyou,bạn bè,"朋友(ほうゆう)・tiếng Nhật cổ/văn học, hiện dùng 友達",diff,bằng hữu
👨‍👩‍👧 Gia đình & con người,同事,tóngshì,đồng nghiệp,"同事(どうじ)・không dùng trong tiếng Nhật, dùng 同僚(どうりょう)",diff,đồng sự
👨‍👩‍👧 Gia đình & con người,同学,tóngxué,bạn cùng lớp,同学(どうがく)・không phổ biến tiếng Nhật,diff,đồng học
👨‍👩‍👧 Gia đình & con người,男人,nánrén,đàn ông,,,nam nhân
👨‍👩‍👧 Gia đình & con người,女人,nǚrén,phụ nữ,,,nữ nhân
👨‍👩‍👧 Gia đình & con người,孩子,háizi,đứa trẻ / con cái,,,hài tử
👨‍👩‍👧 Gia đình & con người,大人,dàren,người lớn,大人(おとな)・cùng nghĩa!,same,đại nhân
👨‍👩‍👧 Gia đình & con người,老人,lǎorén,người già,老人(ろうじん)・cùng nghĩa,same,lão nhân
👨‍👩‍👧 Gia đình & con người,年轻人,niánqīngrén,người trẻ,,,niên khinh nhân
👨‍👩‍👧 Gia đình & con người,自己,zìjǐ,"bản thân, tự mình",自己(じこ)・cùng nghĩa,same,tự kỷ
👨‍👩‍👧 Gia đình & con người,别人,biérén,người khác,,,biệt nhân
🏠 Nhà ở & môi trường sống,房间,fángjiān,phòng,"房間・không dùng trong tiếng Nhật, dùng 部屋(へや)",diff,phòng gian
🏠 Nhà ở & môi trường sống,卧室,wòshì,phòng ngủ,寝室(しんしつ)tiếng Nhật dùng khác chữ,diff,ngọa thất
🏠 Nhà ở & môi trường sống,客厅,kètīng,phòng khách,"客庁・không dùng, tiếng Nhật dùng リビング",diff,khách sảnh
🏠 Nhà ở & môi trường sống,厨房,chúfáng,nhà bếp,厨房(ちゅうぼう)・cùng nghĩa!,same,trù phòng
🏠 Nhà ở & môi trường sống,卫生间,wèishēngjiān,phòng vệ sinh,,,vệ sinh gian
🏠 Nhà ở & môi trường sống,楼上,lóushàng,tầng trên,,,lâu thượng
🏠 Nhà ở & môi trường sống,楼下,lóuxià,tầng dưới,,,lâu hạ
🏠 Nhà ở & môi trường sống,门口,ménkǒu,"cửa ra vào, trước cửa",,,môn khẩu
🏠 Nhà ở & môi trường sống,窗户,chuānghù,cửa sổ,,,song hộ
🏠 Nhà ở & môi trường sống,桌子,zhuōzi,cái bàn,"卓子・không dùng, tiếng Nhật dùng テーブル/机(つくえ)",diff,trác tử
🏠 Nhà ở & môi trường sống,椅子,yǐzi,cái ghế,椅子(いす)・cùng nghĩa!,same,y tử
🏠 Nhà ở & môi trường sống,床,chuáng,giường,,,sàng
🏠 Nhà ở & môi trường sống,灯,dēng,đèn,灯(ひ/あかり)・cùng nghĩa (kanji giống),same,đăng
🏠 Nhà ở & môi trường sống,电话,diànhuà,điện thoại,電話(でんわ)・cùng nghĩa!,same,điện thoại
🏠 Nhà ở & môi trường sống,电脑,diànnǎo,máy tính,電脳(でんのう)・trong tiếng Nhật = cyberspace (khác dùng thực tế),diff,điện não
🏠 Nhà ở & môi trường sống,电视,diànshì,tivi,"電視・không dùng, tiếng Nhật dùng テレビ",diff,điện thị
🏠 Nhà ở & môi trường sống,冰箱,bīngxiāng,tủ lạnh,"冰箱・không dùng, tiếng Nhật dùng 冷蔵庫(れいぞうこ)",diff,băng tương
🏠 Nhà ở & môi trường sống,空调,kōngtiáo,máy điều hòa,,,không điều
🏠 Nhà ở & môi trường sống,钥匙,yàoshi,chìa khóa,鍵(かぎ)tiếng Nhật dùng khác,diff,diệu thị
🏠 Nhà ở & môi trường sống,地方,dìfang,"nơi chốn, địa điểm",地方(ちほう)= vùng/miền ⚠️ FALSE FRIEND,false,địa phương
🏠 Nhà ở & môi trường sống,地址,dìzhǐ,địa chỉ,住所(じゅうしょ)tiếng Nhật dùng khác,diff,địa chỉ
🏠 Nhà ở & môi trường sống,楼,lóu,"tòa nhà, tầng lầu",,,lâu
🏠 Nhà ở & môi trường sống,小区,xiǎoqū,khu dân cư,,,tiểu khu
🏠 Nhà ở & môi trường sống,附近,fùjìn,"gần đây, lân cận",付近(ふきん)・cùng nghĩa!,same,phụ cận
🏠 Nhà ở & môi trường sống,旁边,pángbiān,bên cạnh,,,bàng biên
🏠 Nhà ở & môi trường sống,左边,zuǒbiān,bên trái,,,tả biên
🏠 Nhà ở & môi trường sống,右边,yòubiān,bên phải,,,hữu biên
🏠 Nhà ở & môi trường sống,里面,lǐmiàn,bên trong,,,lý diện
🏠 Nhà ở & môi trường sống,外面,wàimiàn,bên ngoài,,,ngoại diện
🏠 Nhà ở & môi trường sống,上面,shàngmiàn,phía trên,,,thượng diện
🏠 Nhà ở & môi trường sống,下面,xiàmiàn,phía dưới,,,hạ diện
🍜 Ẩm thực & mua sắm,饭馆,fànguǎn,"nhà hàng, quán cơm",,,phạn quán
🍜 Ẩm thực & mua sắm,菜单,càidān,thực đơn,,,thái đơn
🍜 Ẩm thực & mua sắm,点菜,diǎn cài,gọi món,,,điểm thái
🍜 Ẩm thực & mua sắm,服务员,fúwùyuán,nhân viên phục vụ,,,phục vụ viên
🍜 Ẩm thực & mua sắm,米饭,mǐfàn,cơm trắng,,,mễ phạn
🍜 Ẩm thực & mua sắm,面条,miàntiáo,mì sợi,,,diện điều
🍜 Ẩm thực & mua sắm,饺子,jiǎozi,sủi cảo,,,giảo tử
🍜 Ẩm thực & mua sắm,包子,bāozi,bánh bao,,,bao tử
🍜 Ẩm thực & mua sắm,鸡蛋,jīdàn,trứng gà,,,kê đản
🍜 Ẩm thực & mua sắm,蔬菜,shūcài,rau củ,,,sơ thái
🍜 Ẩm thực & mua sắm,水果,shuǐguǒ,trái cây,,,thủy quả
🍜 Ẩm thực & mua sắm,肉,ròu,thịt,,,nhục
🍜 Ẩm thực & mua sắm,鱼,yú,cá,,,ngư
🍜 Ẩm thực & mua sắm,汤,tāng,"canh, súp",湯(ゆ/とう)= nước nóng/tắm ⚠️ FALSE FRIEND,false,thang
🍜 Ẩm thực & mua sắm,饮料,yǐnliào,đồ uống,,,ẩm liệu
🍜 Ẩm thực & mua sắm,啤酒,píjiǔ,bia,"啤酒・không dùng, tiếng Nhật dùng ビール",diff,ty tửu
🍜 Ẩm thực & mua sắm,咖啡,kāfēi,cà phê,コーヒー tiếng Nhật dùng katakana,diff,cà phê
🍜 Ẩm thực & mua sắm,茶,chá,trà,茶(ちゃ)・cùng nghĩa!,same,trà
🍜 Ẩm thực & mua sắm,超市,chāoshì,siêu thị,,,siêu thị
🍜 Ẩm thực & mua sắm,商店,shāngdiàn,cửa hàng,商店(しょうてん)・cùng nghĩa!,same,thương điếm
🍜 Ẩm thực & mua sắm,市场,shìchǎng,"chợ, thị trường",市場(いちば/しじょう)・cùng nghĩa,same,thị trường
🍜 Ẩm thực & mua sắm,价格,jiàgé,giá cả,価格(かかく)・cùng nghĩa!,same,giá cách
🍜 Ẩm thực & mua sắm,便宜,piányí,rẻ,,,tiện nghi
🍜 Ẩm thực & mua sắm,贵,guì,"đắt, quý",貴(とうとい)・tiếng Nhật = quý giá (ít dùng đơn lẻ),diff,quý
🍜 Ẩm thực & mua sắm,打折,dǎzhé,giảm giá,,,đả chiết
🍜 Ẩm thực & mua sắm,收据,shōujù,"hóa đơn, biên lai",,,thu cứ
🍜 Ẩm thực & mua sắm,付钱,fùqián,trả tiền,,,phó tiền
🍜 Ẩm thực & mua sắm,零钱,língqián,tiền lẻ,,,linh tiền
🍜 Ẩm thực & mua sắm,信用卡,xìnyòngkǎ,thẻ tín dụng,,,tín dụng thẻ
🍜 Ẩm thực & mua sắm,购物,gòuwù,mua sắm,,,cấu vật
🚌 Giao thông & đi lại,飞机,fēijī,máy bay,飛行機(ひこうき)・tiếng Nhật dùng chữ khác,diff,phi cơ
🚌 Giao thông & đi lại,火车,huǒchē,tàu hỏa,火車(かしゃ)= trong địa ngục theo tiếng Nhật cổ ⚠️ FALSE FRIEND thú vị,false,hỏa xa
🚌 Giao thông & đi lại,地铁,dìtiě,tàu điện ngầm,地下鉄(ちかてつ)・tiếng Nhật dùng chữ khác,diff,địa thiết
🚌 Giao thông & đi lại,公共汽车,gōnggòng qìchē,xe buýt,,,công cộng khí xa
🚌 Giao thông & đi lại,出租车,chūzūchē,taxi,,,xuất tô xa
🚌 Giao thông & đi lại,自行车,zìxíngchē,xe đạp,自転車(じてんしゃ)・tiếng Nhật dùng 自転車,diff,tự hành xa
🚌 Giao thông & đi lại,摩托车,mótuōchē,xe máy,,,ma thác xa
🚌 Giao thông & đi lại,汽车,qìchē,"ô tô, xe hơi",汽車(きしゃ)= tàu hỏa chạy hơi nước ⚠️ FALSE FRIEND,false,khí xa
🚌 Giao thông & đi lại,司机,sījī,tài xế,,,tư cơ
🚌 Giao thông & đi lại,乘客,chéngkè,hành khách,乗客(じょうきゃく)・cùng nghĩa (chữ hơi khác),same,thừa khách
🚌 Giao thông & đi lại,站,zhàn,"trạm, ga",駅(えき)tiếng Nhật chỉ dùng cho tàu điện,diff,trạm
🚌 Giao thông & đi lại,机场,jīchǎng,sân bay,空港(くうこう)・tiếng Nhật dùng chữ khác,diff,cơ trường
🚌 Giao thông & đi lại,车站,chēzhàn,"bến xe, ga",,,xa trạm
🚌 Giao thông & đi lại,路,lù,"đường, con đường",路(みち/ろ)・cùng nghĩa,same,lộ
🚌 Giao thông & đi lại,堵车,dǔchē,tắc đường,,,đổ xa
🚌 Giao thông & đi lại,红绿灯,hónglǜdēng,đèn giao thông,,,hồng lục đăng
🚌 Giao thông & đi lại,地图,dìtú,bản đồ,地図(ちず)・cùng nghĩa!,same,địa đồ
🚌 Giao thông & đi lại,方向,fāngxiàng,"hướng, phương hướng",方向(ほうこう)・cùng nghĩa!,same,phương hướng
🚌 Giao thông & đi lại,左转,zuǒzhuǎn,rẽ trái,,,tả chuyển
🚌 Giao thông & đi lại,右转,yòuzhuǎn,rẽ phải,,,hữu chuyển
🚌 Giao thông & đi lại,直走,zhízǒu,đi thẳng,,,trực tẩu
🚌 Giao thông & đi lại,过马路,guò mǎlù,qua đường,,,quá mã lộ
🚌 Giao thông & đi lại,行李,xínglǐ,hành lý,荷物(にもつ)・tiếng Nhật dùng khác,diff,hành lý
🚌 Giao thông & đi lại,护照,hùzhào,hộ chiếu,,,hộ chiếu
🚌 Giao thông & đi lại,签证,qiānzhèng,visa,,,tiêm chứng
🚌 Giao thông & đi lại,订票,dìng piào,đặt vé,,,đặt phiếu
🚌 Giao thông & đi lại,出发,chūfā,khởi hành,出発(しゅっぱつ)・cùng nghĩa!,same,xuất phát
🚌 Giao thông & đi lại,到达,dàodá,đến nơi,到達(とうたつ)・cùng nghĩa!,same,đáo đạt
🚌 Giao thông & đi lại,迟到,chídào,đến trễ,"遅到・không dùng, tiếng Nhật dùng 遅刻(ちこく)",diff,trì đáo
🚌 Giao thông & đi lại,附近,fùjìn,gần đây,,,phụ cận
🎓 Học tập & trường học,学校,xuéxiào,trường học,学校(がっこう)・cùng nghĩa!,same,học hiệu
🎓 Học tập & trường học,大学,dàxué,đại học,大学(だいがく)・cùng nghĩa!,same,đại học
🎓 Học tập & trường học,老师,lǎoshī,"giáo viên, thầy/cô","老師・không thông dụng trong tiếng Nhật, dùng 先生(せんせい)",diff,lão sư
🎓 Học tập & trường học,学生,xuéshēng,"học sinh, sinh viên",学生(がくせい)・cùng nghĩa!,same,học sinh
🎓 Học tập & trường học,教室,jiàoshì,"lớp học, phòng học",教室(きょうしつ)・cùng nghĩa!,same,giáo thất
🎓 Học tập & trường học,图书馆,túshūguǎn,thư viện,図書館(としょかん)・cùng nghĩa! (chữ hơi khác 図vs图),same,đồ thư quán
🎓 Học tập & trường học,课,kè,"bài học, tiết học",課(か)= phần/chương ⚠️ nghĩa hơi khác,diff,khóa
🎓 Học tập & trường học,作业,zuòyè,bài tập về nhà,作業(さぎょう)= công việc/thao tác ⚠️ FALSE FRIEND,false,tác nghiệp
🎓 Học tập & trường học,考试,kǎoshì,"kỳ thi, kiểm tra","考試・không dùng, tiếng Nhật dùng 試験(しけん)",diff,khảo thí
🎓 Học tập & trường học,成绩,chéngjī,"thành tích, điểm số",成績(せいせき)・cùng nghĩa!,same,thành tích
🎓 Học tập & trường học,复习,fùxí,ôn tập,復習(ふくしゅう)・cùng nghĩa!,same,phục tập
🎓 Học tập & trường học,预习,yùxí,học trước bài mới,,,dự tập
🎓 Học tập & trường học,练习,liànxí,luyện tập,練習(れんしゅう)・cùng nghĩa!,same,luyện tập
🎓 Học tập & trường học,汉语,hànyǔ,tiếng Trung (Hán),,,Hán ngữ
🎓 Học tập & trường học,普通话,pǔtōnghuà,tiếng Phổ thông (Mandarin),,,phổ thông thoại
🎓 Học tập & trường học,词语,cíyǔ,từ ngữ,語彙(ごい)・tiếng Nhật dùng khác,diff,từ ngữ
🎓 Học tập & trường học,语法,yǔfǎ,ngữ pháp,文法(ぶんぽう)・tiếng Nhật dùng chữ khác,diff,ngữ pháp
🎓 Học tập & trường học,词典,cídiǎn,từ điển,,,từ điển
🎓 Học tập & trường học,笔记,bǐjì,"ghi chép, vở ghi",筆記(ひっき)・cùng nghĩa!,same,bút ký
🎓 Học tập & trường học,黑板,hēibǎn,bảng đen,黒板(こくばん)・cùng nghĩa!,same,hắc bản
🎓 Học tập & trường học,铅笔,qiānbǐ,bút chì,鉛筆(えんぴつ)・cùng nghĩa!,same,duyên bút
🎓 Học tập & trường học,钢笔,gāngbǐ,bút mực,,,cương bút
🎓 Học tập & trường học,橡皮,xiàngpí,cục tẩy,,,tượng bì
🎓 Học tập & trường học,书包,shūbāo,cặp sách,,,thư bao
🎓 Học tập & trường học,年级,niánjí,khối lớp,"年級・ít dùng trong tiếng Nhật, dùng 学年(がくねん)",diff,niên cấp
🎓 Học tập & trường học,班,bān,lớp học,班(はん)= tổ nhóm nhỏ ⚠️ nghĩa hơi khác,diff,ban
🎓 Học tập & trường học,毕业,bìyè,tốt nghiệp,卒業(そつぎょう)・tiếng Nhật dùng chữ khác,diff,tốt nghiệp
🎓 Học tập & trường học,入学,rùxué,nhập học,入学(にゅうがく)・cùng nghĩa!,same,nhập học
🎓 Học tập & trường học,奖学金,jiǎngxuéjīn,học bổng,奨学金(しょうがくきん)・cùng nghĩa!,same,tưởng học kim
🎓 Học tập & trường học,留学生,liúxuéshēng,du học sinh,留学生(りゅうがくせい)・cùng nghĩa!,same,lưu học sinh
💼 Công việc & kinh doanh,公司,gōngsī,công ty,"公司・không dùng, tiếng Nhật dùng 会社(かいしゃ)",diff,công ty
💼 Công việc & kinh doanh,工作,gōngzuò,"công việc, làm việc",工作(こうさく)= thủ công/chế tạo ⚠️ FALSE FRIEND,false,công tác
💼 Công việc & kinh doanh,上班,shàngbān,đi làm,,,thượng ban
💼 Công việc & kinh doanh,下班,xiàbān,"tan làm, tan ca",,,hạ ban
💼 Công việc & kinh doanh,同事,tóngshì,đồng nghiệp,,,đồng sự
💼 Công việc & kinh doanh,老板,lǎobǎn,"sếp, chủ","老板・không dùng, tiếng Nhật dùng 上司(じょうし)/社長",diff,lão bản
💼 Công việc & kinh doanh,经理,jīnglǐ,"quản lý, giám đốc",経理(けいり)= kế toán ⚠️ FALSE FRIEND,false,kinh lý
💼 Công việc & kinh doanh,职员,zhíyuán,nhân viên,,,chức viên
💼 Công việc & kinh doanh,工资,gōngzī,lương,給料(きゅうりょう)・tiếng Nhật dùng khác,diff,công tư
💼 Công việc & kinh doanh,奖金,jiǎngjīn,tiền thưởng,賞与(しょうよ)・tiếng Nhật dùng khác,diff,tưởng kim
💼 Công việc & kinh doanh,会议,huìyì,cuộc họp,会議(かいぎ)・cùng nghĩa!,same,hội nghị
💼 Công việc & kinh doanh,合同,hétóng,hợp đồng,合同(ごうどう)= hợp nhất ⚠️ FALSE FRIEND,false,hợp đồng
💼 Công việc & kinh doanh,项目,xiàngmù,"dự án, hạng mục",項目(こうもく)= mục/điểm mục ⚠️ nghĩa hơi khác,diff,hạng mục
💼 Công việc & kinh doanh,客户,kèhù,khách hàng,,,khách hộ
💼 Công việc & kinh doanh,产品,chǎnpǐn,sản phẩm,製品(せいひん)/商品(しょうひん)・tiếng Nhật dùng khác,diff,sản phẩm
💼 Công việc & kinh doanh,市场,shìchǎng,thị trường,市場(しじょう)・cùng nghĩa!,same,thị trường
💼 Công việc & kinh doanh,经济,jīngjì,kinh tế,経済(けいざい)・cùng nghĩa!,same,kinh tế
💼 Công việc & kinh doanh,银行,yínháng,ngân hàng,銀行(ぎんこう)・cùng nghĩa!,same,ngân hàng
💼 Công việc & kinh doanh,投资,tóuzī,đầu tư,投資(とうし)・cùng nghĩa!,same,đầu tư
💼 Công việc & kinh doanh,利润,lìrùn,lợi nhuận,,,lợi nhuận
💼 Công việc & kinh doanh,广告,guǎnggào,quảng cáo,広告(こうこく)・cùng nghĩa!,same,quảng cáo
💼 Công việc & kinh doanh,邮件,yóujiàn,"email, thư điện tử",,,bưu kiện
💼 Công việc & kinh doanh,文件,wénjiàn,"tài liệu, hồ sơ","文件・không dùng, tiếng Nhật dùng 書類(しょるい)/ファイル",diff,văn kiện
💼 Công việc & kinh doanh,办公室,bàngōngshì,văn phòng,,,biện công thất
💼 Công việc & kinh doanh,出差,chūchāi,"công tác, đi công tác",出張(しゅっちょう)・cùng nghĩa nhưng chữ khác,diff,xuất sai
💼 Công việc & kinh doanh,应聘,yìngpìn,ứng tuyển,,,ứng tuyển
💼 Công việc & kinh doanh,简历,jiǎnlì,"CV, hồ sơ xin việc",履歴書(りれきしょ)・tiếng Nhật dùng khác,diff,giản lịch
💼 Công việc & kinh doanh,面试,miànshì,phỏng vấn,,,diện thí
💼 Công việc & kinh doanh,辞职,cízhí,"từ chức, nghỉ việc",辞職(じしょく)・cùng nghĩa!,same,từ chức
💼 Công việc & kinh doanh,退休,tuìxiū,nghỉ hưu,"退職(たいしょく)・cùng nghĩa gần, tiếng Nhật dùng 定年退職",same,thoái hưu
🏥 Sức khỏe & y tế,医院,yīyuàn,bệnh viện,医院(いいん)= phòng khám nhỏ ⚠️ FALSE FRIEND! 病院(びょういん) mới là bệnh viện lớn,false,y viện
🏥 Sức khỏe & y tế,医生,yīshēng,bác sĩ,医者(いしゃ)・tiếng Nhật dùng khác chữ,diff,y sinh
🏥 Sức khỏe & y tế,护士,hùshi,y tá,,,hộ sĩ
🏥 Sức khỏe & y tế,病人,bìngrén,bệnh nhân,病人(びょうにん)・cùng nghĩa!,same,bệnh nhân
🏥 Sức khỏe & y tế,生病,shēngbìng,bị bệnh,,,sinh bệnh
🏥 Sức khỏe & y tế,感冒,gǎnmào,cảm cúm,感冒(かんぼう)・cùng nghĩa nhưng ít dùng trong tiếng Nhật hội thoại,same,cảm mạo
🏥 Sức khỏe & y tế,发烧,fāshāo,sốt,,,phát thiêu
🏥 Sức khỏe & y tế,头疼,tóuténg,đau đầu,,,đầu thống
🏥 Sức khỏe & y tế,肚子疼,dùzi téng,đau bụng,,,phúc thống
🏥 Sức khỏe & y tế,咳嗽,késou,ho,,,khái thấu
🏥 Sức khỏe & y tế,药,yào,thuốc,薬(くすり)・cùng nghĩa (kanji khác dạng),same,dược
🏥 Sức khỏe & y tế,打针,dǎzhēn,tiêm thuốc,,,đả châm
🏥 Sức khỏe & y tế,手术,shǒushù,phẫu thuật,手術(しゅじゅつ)・cùng nghĩa!,same,thủ thuật
🏥 Sức khỏe & y tế,检查,jiǎnchá,kiểm tra (sức khỏe),検査(けんさ)・cùng nghĩa!,same,kiểm tra
🏥 Sức khỏe & y tế,血型,xuèxíng,nhóm máu,血液型(けつえきがた)・tiếng Nhật dùng dài hơn,diff,huyết hình
🏥 Sức khỏe & y tế,过敏,guòmǐn,dị ứng,過敏(かびん)= quá nhạy cảm ⚠️ nghĩa hẹp hơn,diff,quá mẫn
🏥 Sức khỏe & y tế,健康,jiànkāng,"sức khỏe, khỏe mạnh",健康(けんこう)・cùng nghĩa!,same,kiện khang
🏥 Sức khỏe & y tế,休息,xiūxi,nghỉ ngơi,休息(きゅうそく)・cùng nghĩa!,same,hưu tức
🏥 Sức khỏe & y tế,锻炼,duànliàn,tập thể dục,鍛錬(たんれん)= rèn luyện kỹ năng/tinh thần ⚠️ nghĩa rộng hơn,diff,đoán luyện
🏥 Sức khỏe & y tế,睡眠,shuìmián,giấc ngủ,睡眠(すいみん)・cùng nghĩa!,same,thụy miên
🏥 Sức khỏe & y tế,减肥,jiǎnféi,giảm cân,,,giảm phì
🏥 Sức khỏe & y tế,营养,yíngyǎng,dinh dưỡng,栄養(えいよう)・cùng nghĩa nhưng chữ khác,diff,dinh dưỡng
🏥 Sức khỏe & y tế,心情,xīnqíng,tâm trạng,心情(しんじょう)・cùng nghĩa!,same,tâm tình
🏥 Sức khỏe & y tế,压力,yālì,áp lực,プレッシャー tiếng Nhật thường dùng katakana,diff,áp lực
🏥 Sức khỏe & y tế,伤,shāng,vết thương,,,thương
🏥 Sức khỏe & y tế,痛,tòng,đau,痛(いた-)・cùng nghĩa!,same,thống
🏥 Sức khỏe & y tế,严重,yánzhòng,nghiêm trọng,厳重(げんじゅう)= nghiêm ngặt ⚠️ FALSE FRIEND,false,nghiêm trọng
🏥 Sức khỏe & y tế,危险,wēixiǎn,nguy hiểm,危険(きけん)・cùng nghĩa!,same,nguy hiểm
🏥 Sức khỏe & y tế,安全,ānquán,an toàn,安全(あんぜん)・cùng nghĩa!,same,an toàn
🏥 Sức khỏe & y tế,紧张,jǐnzhāng,"căng thẳng, lo lắng",緊張(きんちょう)= hồi hộp/căng thẳng ⚠️ tiếng Nhật chủ yếu dùng cho hồi hộp,diff,khẩn trương
🌦 Thời tiết & thiên nhiên,天气,tiānqì,thời tiết,天気(てんき)・cùng nghĩa!,same,thiên khí
🌦 Thời tiết & thiên nhiên,晴天,qíngtiān,trời nắng,,,tình thiên
🌦 Thời tiết & thiên nhiên,下雨,xià yǔ,mưa,,,hạ vũ
🌦 Thời tiết & thiên nhiên,下雪,xià xuě,tuyết rơi,,,hạ tuyết
🌦 Thời tiết & thiên nhiên,刮风,guā fēng,có gió,,,quát phong
🌦 Thời tiết & thiên nhiên,云,yún,mây,雲(くも)・cùng nghĩa,same,vân
🌦 Thời tiết & thiên nhiên,风,fēng,gió,風(かぜ/ふう)・cùng nghĩa,same,phong
🌦 Thời tiết & thiên nhiên,雪,xuě,tuyết,雪(ゆき)・cùng nghĩa,same,tuyết
🌦 Thời tiết & thiên nhiên,雨,yǔ,mưa,雨(あめ)・cùng nghĩa,same,vũ
🌦 Thời tiết & thiên nhiên,温度,wēndù,nhiệt độ,温度(おんど)・cùng nghĩa!,same,ôn độ
🌦 Thời tiết & thiên nhiên,气温,qìwēn,nhiệt độ không khí,,,khí ôn
🌦 Thời tiết & thiên nhiên,热,rè,nóng,熱(ねつ/あつ-)・cùng nghĩa,same,nhiệt
🌦 Thời tiết & thiên nhiên,冷,lěng,lạnh,冷(つめ-)・cùng nghĩa,same,lãnh
🌦 Thời tiết & thiên nhiên,暖和,nuǎnhuo,ấm áp,,,noãn hòa
🌦 Thời tiết & thiên nhiên,凉快,liángkuai,mát mẻ,,,lương khoái
🌦 Thời tiết & thiên nhiên,潮湿,cháoshī,ẩm ướt,,,triều thấp
🌦 Thời tiết & thiên nhiên,干燥,gānzào,khô ráo,,,can táo
🌦 Thời tiết & thiên nhiên,季节,jìjié,mùa,季節(きせつ)・cùng nghĩa!,same,quý tiết
🌦 Thời tiết & thiên nhiên,春天,chūntiān,mùa xuân,春(はる)・cùng nghĩa,same,xuân thiên
🌦 Thời tiết & thiên nhiên,夏天,xiàtiān,mùa hè,夏(なつ)・cùng nghĩa,same,hạ thiên
🌦 Thời tiết & thiên nhiên,秋天,qiūtiān,mùa thu,秋(あき)・cùng nghĩa,same,thu thiên
🌦 Thời tiết & thiên nhiên,冬天,dōngtiān,mùa đông,冬(ふゆ)・cùng nghĩa,same,đông thiên
🌦 Thời tiết & thiên nhiên,天空,tiānkōng,bầu trời,天空(てんくう)・cùng nghĩa!,same,thiên không
🌦 Thời tiết & thiên nhiên,太阳,tàiyáng,mặt trời,太陽(たいよう)・cùng nghĩa!,same,thái dương
🌦 Thời tiết & thiên nhiên,月亮,yuèliàng,mặt trăng,月(つき)・cùng nghĩa (tiếng Nhật không cần 亮),same,nguyệt lượng
🌦 Thời tiết & thiên nhiên,星星,xīngxing,ngôi sao,星(ほし)・cùng nghĩa,same,tinh tinh
🌦 Thời tiết & thiên nhiên,山,shān,núi,山(やま)・cùng nghĩa,same,sơn
🌦 Thời tiết & thiên nhiên,河,hé,sông,河(かわ)・cùng nghĩa,same,hà
🌦 Thời tiết & thiên nhiên,海,hǎi,biển,海(うみ)・cùng nghĩa,same,hải
🌦 Thời tiết & thiên nhiên,树,shù,cây,樹(き/じゅ)・cùng nghĩa,same,thụ
🎭 Giải trí & sở thích,电影,diànyǐng,phim điện ảnh,映画(えいが)・tiếng Nhật dùng chữ khác,diff,điện ảnh
🎭 Giải trí & sở thích,音乐,yīnyuè,âm nhạc,音楽(おんがく)・cùng nghĩa!,same,âm nhạc
🎭 Giải trí & sở thích,歌,gē,bài hát,歌(うた)・cùng nghĩa,same,ca
🎭 Giải trí & sở thích,舞蹈,wǔdǎo,"khiêu vũ, múa",,,vũ đạo
🎭 Giải trí & sở thích,体育,tǐyù,"thể dục, thể thao",体育(たいいく)・cùng nghĩa!,same,thể dục
🎭 Giải trí & sở thích,运动,yùndòng,"vận động, thể thao",運動(うんどう)・cùng nghĩa!,same,vận động
🎭 Giải trí & sở thích,足球,zúqiú,bóng đá,サッカー tiếng Nhật dùng katakana,diff,túc cầu
🎭 Giải trí & sở thích,篮球,lánqiú,bóng rổ,,,lam cầu
🎭 Giải trí & sở thích,游泳,yóuyǒng,bơi lội,,,du vịnh
🎭 Giải trí & sở thích,爬山,pá shān,leo núi,,,bá sơn
🎭 Giải trí & sở thích,旅游,lǚyóu,du lịch,旅行(りょこう)・tiếng Nhật dùng khác,diff,lữ du
🎭 Giải trí & sở thích,照相,zhàoxiàng,chụp ảnh,,,chiếu tướng
🎭 Giải trí & sở thích,画画,huà huà,vẽ tranh,,,họa họa
🎭 Giải trí & sở thích,看书,kàn shū,đọc sách,,,khán thư
🎭 Giải trí & sở thích,唱歌,chàng gē,hát,,,xướng ca
🎭 Giải trí & sở thích,跳舞,tiào wǔ,nhảy múa,,,khiêu vũ
🎭 Giải trí & sở thích,下棋,xià qí,chơi cờ,,,hạ kỳ
🎭 Giải trí & sở thích,爱好,àihào,sở thích,愛好(あいこう)・cùng nghĩa!,same,ái hiếu
🎭 Giải trí & sở thích,兴趣,xìngqù,hứng thú,"興味(きょうみ)・cùng nghĩa, tiếng Nhật dùng chữ khác",diff,hứng thú
🎭 Giải trí & sở thích,方便,fāngbiàn,tiện lợi,方便(ほうべん)= phương tiện/đủ thứ cớ ⚠️ FALSE FRIEND,false,phương tiện
🎭 Giải trí & sở thích,表演,biǎoyǎn,biểu diễn,"表演・không dùng, tiếng Nhật dùng 公演(こうえん)/演技(えんぎ)",diff,biểu diễn
🎭 Giải trí & sở thích,节目,jiémù,"chương trình (TV, sân khấu)",,,tiết mục
🎭 Giải trí & sở thích,故事,gùshi,câu chuyện,故事(こじ)= điển cố ⚠️ FALSE FRIEND,false,cố sự
🎭 Giải trí & sở thích,小说,xiǎoshuō,tiểu thuyết,小説(しょうせつ)・cùng nghĩa!,same,tiểu thuyết
🎭 Giải trí & sở thích,漫画,mànhuà,truyện tranh,漫画(まんが)・cùng nghĩa! (manga),same,mạn họa
🎭 Giải trí & sở thích,游戏,yóuxì,trò chơi,"遊戯(ゆうぎ)・cùng nghĩa nhưng ít dùng, tiếng Nhật hay dùng ゲーム",diff,du hý
🎭 Giải trí & sở thích,网络,wǎngluò,mạng internet,,,mạng lạc
🎭 Giải trí & sở thích,手机,shǒujī,điện thoại di động,,,thủ cơ
🎭 Giải trí & sở thích,节日,jiérì,"ngày lễ, lễ tết",祭日(さいじつ)・tiếng Nhật dùng chữ khác,diff,tiết nhật
🎭 Giải trí & sở thích,假期,jiàqī,kỳ nghỉ,休暇(きゅうか)・cùng nghĩa!,same,giả kỳ
🕐 Thời gian & số đếm,时间,shíjiān,thời gian,時間(じかん)・cùng nghĩa!,same,thời gian
🕐 Thời gian & số đếm,小时,xiǎoshí,giờ (đơn vị thời gian),,,tiểu thời
🕐 Thời gian & số đếm,分钟,fēnzhōng,phút,,,phân chung
🕐 Thời gian & số đếm,小时候,xiǎoshíhòu,"hồi nhỏ, lúc còn bé",,,tiểu thời hậu
🕐 Thời gian & số đếm,以前,yǐqián,trước đây,以前(いぜん)・cùng nghĩa!,same,dĩ tiền
🕐 Thời gian & số đếm,以后,yǐhòu,sau này,以後(いご)・cùng nghĩa!,same,dĩ hậu
🕐 Thời gian & số đếm,现在,xiànzài,"bây giờ, hiện tại",現在(げんざい)・cùng nghĩa!,same,hiện tại
🕐 Thời gian & số đếm,刚才,gāngcái,vừa nãy,,,cương tài
🕐 Thời gian & số đếm,马上,mǎshàng,ngay lập tức,馬上(ばじょう)= trên lưng ngựa ⚠️ FALSE FRIEND thú vị!,false,mã thượng
🕐 Thời gian & số đếm,已经,yǐjīng,đã (rồi),,,dĩ kinh
🕐 Thời gian & số đếm,还没,hái méi,vẫn chưa,,,hoàn một
🕐 Thời gian & số đếm,经常,jīngcháng,thường xuyên,経常(けいじょう)= thường xuyên/định kỳ nhưng dùng trong kinh tế,diff,kinh thường
🕐 Thời gian & số đếm,偶尔,ǒu'ěr,thỉnh thoảng,,,ngẫu nhĩ
🕐 Thời gian & số đếm,总是,zǒngshì,luôn luôn,,,tổng thị
🕐 Thời gian & số đếm,从来,cónglái,từ trước đến nay,,,tùng lai
🕐 Thời gian & số đếm,将来,jiānglái,tương lai,将来(しょうらい)・cùng nghĩa!,same,tương lai
🕐 Thời gian & số đếm,最近,zuìjìn,gần đây,最近(さいきん)・cùng nghĩa!,same,tối cận
🕐 Thời gian & số đếm,日期,rìqī,ngày tháng,"日期・không dùng, tiếng Nhật dùng 日付(ひづけ)",diff,nhật kỳ
🕐 Thời gian & số đếm,年,nián,năm,年(ねん/とし)・cùng nghĩa,same,niên
🕐 Thời gian & số đếm,月,yuè,tháng / mặt trăng,月(つき/げつ)・cùng nghĩa,same,nguyệt
🕐 Thời gian & số đếm,日,rì,ngày,日(ひ/にち)・cùng nghĩa,same,nhật
🕐 Thời gian & số đếm,星期,xīngqī,tuần lễ,,,tinh kỳ
🕐 Thời gian & số đếm,今天,jīntiān,hôm nay,,,kim thiên
🕐 Thời gian & số đếm,明天,míngtiān,ngày mai,,,minh thiên
🕐 Thời gian & số đếm,昨天,zuótiān,hôm qua,,,tạc thiên
🕐 Thời gian & số đếm,上午,shàngwǔ,buổi sáng (trước trưa),,,thượng ngọ
🕐 Thời gian & số đếm,下午,xiàwǔ,buổi chiều,,,hạ ngọ
🕐 Thời gian & số đếm,晚上,wǎnshang,buổi tối,,,vãn thượng
🕐 Thời gian & số đếm,半,bàn,nửa,半(はん)・cùng nghĩa,same,bán
🕐 Thời gian & số đếm,刻,kè,15 phút (một khắc),刻(こく/きざ-)= khắc thời gian cổ ⚠️ dùng khác,diff,khắc
💬 Cảm xúc & tính cách,高兴,gāoxìng,"vui mừng, vui vẻ",,,cao hứng
💬 Cảm xúc & tính cách,快乐,kuàilè,"hạnh phúc, vui sướng",快楽(かいらく)= khoái lạc ⚠️ FALSE FRIEND,false,khoái lạc
💬 Cảm xúc & tính cách,难过,nánguò,"buồn, khó chịu",,,nan quá
💬 Cảm xúc & tính cách,伤心,shāngxīn,đau lòng,,,thương tâm
💬 Cảm xúc & tính cách,生气,shēngqì,tức giận,生気(せいき)= sinh khí/sức sống ⚠️ FALSE FRIEND,false,sinh khí
💬 Cảm xúc & tính cách,害怕,hàipà,sợ hãi,,,hại phạ
💬 Cảm xúc & tính cách,担心,dānxīn,lo lắng,"担心・không dùng, tiếng Nhật dùng 心配(しんぱい)",diff,đam tâm
💬 Cảm xúc & tính cách,紧张,jǐnzhāng,"hồi hộp, căng thẳng",,,khẩn trương
💬 Cảm xúc & tính cách,轻松,qīngsōng,"thoải mái, nhẹ nhõm",,,khinh tùng
💬 Cảm xúc & tính cách,满意,mǎnyì,hài lòng,満足(まんぞく)・tiếng Nhật dùng chữ khác,diff,mãn ý
💬 Cảm xúc & tính cách,后悔,hòuhuǐ,hối tiếc,後悔(こうかい)・cùng nghĩa!,same,hậu hối
💬 Cảm xúc & tính cách,惊讶,jīngyà,ngạc nhiên,,,kinh nhã
💬 Cảm xúc & tính cách,骄傲,jiāo'ào,tự hào / kiêu ngạo,傲慢(ごうまん)・tiếng Nhật phân biệt rõ hơn,diff,kiêu ngạo
💬 Cảm xúc & tính cách,认真,rènzhēn,"nghiêm túc, cẩn thận",真剣(しんけん)・tiếng Nhật dùng khác,diff,nhận chân
💬 Cảm xúc & tính cách,聪明,cōngmíng,thông minh,聡明(そうめい)・cùng nghĩa! (ít dùng trong văn nói),same,thông minh
💬 Cảm xúc & tính cách,笨,bèn,"ngốc, vụng",,,bổn
💬 Cảm xúc & tính cách,懒,lǎn,lười biếng,懶・tiếng Nhật dùng 怠け者(なまけもの),diff,lãn
💬 Cảm xúc & tính cách,勤快,qínkuài,chăm chỉ,,,cần khoái
💬 Cảm xúc & tính cách,大方,dàfang,"rộng rãi, hào phóng",大方(おおかた)= phần lớn ⚠️ FALSE FRIEND,false,đại phương
💬 Cảm xúc & tính cách,小气,xiǎoqì,"keo kiệt, ki bo",,,tiểu khí
💬 Cảm xúc & tính cách,热情,rèqíng,nhiệt tình,熱情(ねつじょう)・cùng nghĩa!,same,nhiệt tình
💬 Cảm xúc & tính cách,冷静,lěngjìng,bình tĩnh,冷静(れいせい)・cùng nghĩa!,same,lãnh tĩnh
💬 Cảm xúc & tính cách,耐心,nàixīn,kiên nhẫn,根気(こんき)・tiếng Nhật dùng chữ khác,diff,nại tâm
💬 Cảm xúc & tính cách,自信,zìxìn,tự tin,自信(じしん)・cùng nghĩa!,same,tự tín
💬 Cảm xúc & tính cách,害羞,hàixiū,"ngại ngùng, xấu hổ",,,hại tu
💬 Cảm xúc & tính cách,坚强,jiānqiáng,"mạnh mẽ, cứng cỏi",,,kiên cường
💬 Cảm xúc & tính cách,勇敢,yǒnggǎn,dũng cảm,勇敢(ゆうかん)・cùng nghĩa!,same,dũng cảm
💬 Cảm xúc & tính cách,诚实,chéngshí,trung thực,誠実(せいじつ)・cùng nghĩa!,same,thành thật
💬 Cảm xúc & tính cách,友好,yǒuhǎo,thân thiện,友好(ゆうこう)= hữu nghị ⚠️ tiếng Nhật dùng cho quan hệ quốc gia,diff,hữu hảo
💬 Cảm xúc & tính cách,礼貌,lǐmào,lịch sự,礼儀(れいぎ)・tiếng Nhật dùng chữ khác,diff,lễ mạo
🏙 Xã hội & cuộc sống,生活,shēnghuó,"cuộc sống, sinh hoạt",生活(せいかつ)・cùng nghĩa!,same,sinh hoạt
🏙 Xã hội & cuộc sống,社会,shèhuì,xã hội,社会(しゃかい)・cùng nghĩa!,same,xã hội
🏙 Xã hội & cuộc sống,国家,guójiā,"đất nước, quốc gia",国家(こっか)・cùng nghĩa!,same,quốc gia
🏙 Xã hội & cuộc sống,政府,zhèngfǔ,chính phủ,政府(せいふ)・cùng nghĩa!,same,chính phủ
🏙 Xã hội & cuộc sống,法律,fǎlǜ,pháp luật,法律(ほうりつ)・cùng nghĩa!,same,pháp luật
🏙 Xã hội & cuộc sống,问题,wèntí,"vấn đề, câu hỏi",問題(もんだい)・cùng nghĩa!,same,vấn đề
🏙 Xã hội & cuộc sống,原因,yuányīn,nguyên nhân,原因(げんいん)・cùng nghĩa!,same,nguyên nhân
🏙 Xã hội & cuộc sống,结果,jiéguǒ,kết quả,結果(けっか)・cùng nghĩa!,same,kết quả
🏙 Xã hội & cuộc sống,目的,mùdì,mục đích,目的(もくてき)・cùng nghĩa!,same,mục đích
🏙 Xã hội & cuộc sống,方法,fāngfǎ,phương pháp,方法(ほうほう)・cùng nghĩa!,same,phương pháp
🏙 Xã hội & cuộc sống,条件,tiáojiàn,điều kiện,条件(じょうけん)・cùng nghĩa!,same,điều kiện
🏙 Xã hội & cuộc sống,机会,jīhuì,cơ hội,機会(きかい)・cùng nghĩa!,same,cơ hội
🏙 Xã hội & cuộc sống,关系,guānxi,mối quan hệ,関係(かんけい)・cùng nghĩa!,same,quan hệ
🏙 Xã hội & cuộc sống,影响,yǐngxiǎng,ảnh hưởng,影響(えいきょう)・cùng nghĩa!,same,ảnh hưởng
🏙 Xã hội & cuộc sống,发展,fāzhǎn,phát triển,発展(はってん)・cùng nghĩa!,same,phát triển
🏙 Xã hội & cuộc sống,变化,biànhuà,"thay đổi, biến hóa",変化(へんか)・cùng nghĩa!,same,biến hóa
🏙 Xã hội & cuộc sống,环境,huánjìng,môi trường,環境(かんきょう)・cùng nghĩa!,same,hoàn cảnh
🏙 Xã hội & cuộc sống,安全,ānquán,an toàn,安全(あんぜん)・cùng nghĩa!,same,an toàn
🏙 Xã hội & cuộc sống,自由,zìyóu,tự do,自由(じゆう)・cùng nghĩa!,same,tự do
🏙 Xã hội & cuộc sống,平等,píngděng,bình đẳng,平等(びょうどう)・cùng nghĩa!,same,bình đẳng
🏙 Xã hội & cuộc sống,文化,wénhuà,văn hóa,文化(ぶんか)・cùng nghĩa!,same,văn hóa
🏙 Xã hội & cuộc sống,历史,lìshǐ,lịch sử,歴史(れきし)・cùng nghĩa!,same,lịch sử
🏙 Xã hội & cuộc sống,传统,chuántǒng,truyền thống,伝統(でんとう)・cùng nghĩa!,same,truyền thống
🏙 Xã hội & cuộc sống,科学,kēxué,khoa học,科学(かがく)・cùng nghĩa!,same,khoa học
🏙 Xã hội & cuộc sống,技术,jìshù,"kỹ thuật, công nghệ",技術(ぎじゅつ)・cùng nghĩa!,same,kỹ thuật
🏙 Xã hội & cuộc sống,网络,wǎngluò,mạng (internet),,,mạng lạc
🏙 Xã hội & cuộc sống,城市,chéngshì,thành phố,"城市・不使用, tiếng Nhật dùng 都市(とし)",diff,thành thị
🏙 Xã hội & cuộc sống,农村,nóngcūn,nông thôn,,,nông thôn
🏙 Xã hội & cuộc sống,人口,rénkǒu,dân số,人口(じんこう)・cùng nghĩa!,same,nhân khẩu
🏙 Xã hội & cuộc sống,经济,jīngjì,kinh tế,経済(けいざい)・cùng nghĩa!,same,kinh tế
📝 Động từ thường dùng,认识,rènshi,"nhận ra, quen biết",認識(にんしき)= nhận thức ⚠️ tiếng Nhật trừu tượng hơn,diff,nhận thức
📝 Động từ thường dùng,了解,liǎojiě,"hiểu rõ, nắm rõ",了解(りょうかい)= đã hiểu/OK ⚠️ tiếng Nhật dùng để xác nhận,diff,liễu giải
📝 Động từ thường dùng,明白,míngbai,"hiểu, rõ ràng",明白(めいはく)= rõ ràng/hiển nhiên ⚠️ dùng chủ yếu là tính từ trong tiếng Nhật,diff,minh bạch
📝 Động từ thường dùng,记得,jìde,nhớ (ra),,,ký đắc
📝 Động từ thường dùng,忘记,wàngjì,quên,,,vong ký
📝 Động từ thường dùng,觉得,juéde,"cảm thấy, cho rằng",,,giác đắc
📝 Động từ thường dùng,认为,rènwéi,"cho rằng, nghĩ rằng",,,nhận vi
📝 Động từ thường dùng,希望,xīwàng,"hy vọng, mong muốn",希望(きぼう)・cùng nghĩa!,same,hi vọng
📝 Động từ thường dùng,相信,xiāngxìn,tin tưởng,信じる(しんじる)・tiếng Nhật dùng khác,diff,tương tín
📝 Động từ thường dùng,同意,tóngyì,đồng ý,同意(どうい)・cùng nghĩa!,same,đồng ý
📝 Động từ thường dùng,反对,fǎnduì,phản đối,反対(はんたい)・cùng nghĩa!,same,phản đối
📝 Động từ thường dùng,决定,juédìng,quyết định,決定(けってい)・cùng nghĩa!,same,quyết định
📝 Động từ thường dùng,选择,xuǎnzé,lựa chọn,選択(せんたく)・cùng nghĩa!,same,tuyển trạch
📝 Động từ thường dùng,完成,wánchéng,hoàn thành,完成(かんせい)・cùng nghĩa!,same,hoàn thành
📝 Động từ thường dùng,开始,kāishǐ,bắt đầu,開始(かいし)・cùng nghĩa!,same,khai thủy
📝 Động từ thường dùng,结束,jiéshù,kết thúc,終了(しゅうりょう)・tiếng Nhật dùng khác,diff,kết thúc
📝 Động từ thường dùng,继续,jìxù,tiếp tục,継続(けいぞく)・cùng nghĩa!,same,kế tục
📝 Động từ thường dùng,停止,tíngzhǐ,dừng lại,停止(ていし)・cùng nghĩa!,same,đình chỉ
📝 Động từ thường dùng,提高,tígāo,"nâng cao, cải thiện",,,đề cao
📝 Động từ thường dùng,减少,jiǎnshǎo,giảm bớt,減少(げんしょう)・cùng nghĩa!,same,giảm thiểu
📝 Động từ thường dùng,增加,zēngjiā,tăng thêm,増加(ぞうか)・cùng nghĩa!,same,tăng gia
📝 Động từ thường dùng,发现,fāxiàn,phát hiện,発見(はっけん)・cùng nghĩa!,same,phát hiện
📝 Động từ thường dùng,解决,jiějué,giải quyết,解決(かいけつ)・cùng nghĩa!,same,giải quyết
📝 Động từ thường dùng,帮助,bāngzhù,giúp đỡ,"帮助・không dùng, tiếng Nhật dùng 助ける(たすける)",diff,bang trợ
📝 Động từ thường dùng,支持,zhīchí,"ủng hộ, hỗ trợ",支持(しじ)・cùng nghĩa!,same,chi trì
📝 Động từ thường dùng,参加,cānjiā,tham gia,参加(さんか)・cùng nghĩa!,same,tham gia
📝 Động từ thường dùng,介绍,jièshào,giới thiệu,紹介(しょうかい)・cùng nghĩa! (chữ hơi khác),same,giới thiệu
📝 Động từ thường dùng,比较,bǐjiào,so sánh,比較(ひかく)・cùng nghĩa!,same,tỉ giảo
📝 Động từ thường dùng,表示,biǎoshì,"biểu thị, thể hiện",表示(ひょうじ)・cùng nghĩa!,same,biểu thị
📝 Động từ thường dùng,出现,chūxiàn,xuất hiện,出現(しゅつげん)・cùng nghĩa!,same,xuất hiện
🔑 Từ nối & hư từ quan trọng,因为,yīnwèi,"vì, bởi vì",,,nhân vi
🔑 Từ nối & hư từ quan trọng,所以,suǒyǐ,"vì vậy, cho nên",,,sở dĩ
🔑 Từ nối & hư từ quan trọng,虽然,suīrán,"tuy, mặc dù",,,tuy nhiên
🔑 Từ nối & hư từ quan trọng,但是,dànshì,nhưng mà,,,đãn thị
🔑 Từ nối & hư từ quan trọng,而且,érqiě,"hơn nữa, mà còn",,,nhi thả
🔑 Từ nối & hư từ quan trọng,不但,búdàn,không chỉ,,,bất đãn
🔑 Từ nối & hư từ quan trọng,如果,rúguǒ,nếu,,,như quả
🔑 Từ nối & hư từ quan trọng,只要,zhǐyào,chỉ cần,,,chỉ yếu
🔑 Từ nối & hư từ quan trọng,即使,jíshǐ,"dù cho, ngay cả khi",,,tức sử
🔑 Từ nối & hư từ quan trọng,无论,wúlùn,"dù... cũng, bất kể",,,vô luận
🔑 Từ nối & hư từ quan trọng,既然,jìrán,"đã vậy thì, vì đã",,,ký nhiên
🔑 Từ nối & hư từ quan trọng,否则,fǒuzé,nếu không thì,,,phủ tắc
🔑 Từ nối & hư từ quan trọng,另外,lìngwài,"ngoài ra, bên cạnh đó",,,lệnh ngoại
🔑 Từ nối & hư từ quan trọng,不过,búguò,"nhưng, tuy nhiên / chỉ là",,,bất quá
🔑 Từ nối & hư từ quan trọng,其实,qíshí,"thực ra, thực tế là",,,kỳ thực
🔑 Từ nối & hư từ quan trọng,当然,dāngrán,"dĩ nhiên, tất nhiên",当然(とうぜん)・cùng nghĩa!,same,đương nhiên
🔑 Từ nối & hư từ quan trọng,比较,bǐjiào,"tương đối, khá (so sánh)",,,tỉ giảo
🔑 Từ nối & hư từ quan trọng,非常,fēicháng,"rất, vô cùng",非常(ひじょう)= khẩn cấp ⚠️ FALSE FRIEND quan trọng!,false,phi thường
🔑 Từ nối & hư từ quan trọng,特别,tèbié,"đặc biệt, rất",特別(とくべつ)・cùng nghĩa!,same,đặc biệt
🔑 Từ nối & hư từ quan trọng,尤其,yóuqí,đặc biệt là,,,vưu kỳ
🔑 Từ nối & hư từ quan trọng,只有,zhǐyǒu,chỉ có,,,chỉ hữu
🔑 Từ nối & hư từ quan trọng,一共,yīgòng,"tất cả, tổng cộng",,,nhất cộng
🔑 Từ nối & hư từ quan trọng,一直,yīzhí,"cứ, mãi, liên tục",,,nhất trực
🔑 Từ nối & hư từ quan trọng,终于,zhōngyú,cuối cùng,終に(ついに)・tiếng Nhật dùng ついに,diff,chung ư
🔑 Từ nối & hư từ quan trọng,突然,tūrán,đột nhiên,突然(とつぜん)・cùng nghĩa!,same,đột nhiên
🔑 Từ nối & hư từ quan trọng,根据,gēnjù,"dựa theo, căn cứ vào",根拠(こんきょ)・cùng nghĩa nhưng chữ khác,diff,căn cứ
🔑 Từ nối & hư từ quan trọng,除了,chúle,ngoài... ra,,,trừ liễu
🔑 Từ nối & hư từ quan trọng,关于,guānyú,"về, liên quan đến",,,quan ư
🔑 Từ nối & hư từ quan trọng,对于,duìyú,đối với,,,đối ư
🔑 Từ nối & hư từ quan trọng,为了,wèile,"để, vì mục đích",,,vi liễu
